id,title,body,profile,hair
1,Cat A,"<p>Lorem ipsum dolor sit amet, consectetur adipiscing elit. Nam scelerisque neque odio, nec tristique ligula condimentum ut. Nullam ac ligula malesuada nisl viverra lobortis. Nam sit amet felis non diam sollicitudin auctor. Curabitur suscipit sollicitudin nisl, ut viverra urna volutpat fringilla. In hac habitasse platea dictumst. Phasellus sollicitudin, ante eu faucibus luctus, nunc libero mattis purus, ut posuere justo felis sit amet urna. Quisque tempus ligula turpis, eget consectetur lacus consectetur sit amet. Cras faucibus, dui cursus efficitur sollicitudin, justo magna mollis quam, ac porta felis neque a nulla. Sed lobortis augue turpis, vel interdum ante sollicitudio</p>
",cat-a.png,"short"
2,Cat B,"<p>Lorem ipsum dolor sit amet, consectetur adipiscing elit. Nam scelerisque neque odio, nec tristique ligula condimentum ut. Nullam ac ligula malesuada nisl viverra lobortis. Nam sit amet felis non diam sollicitudin auctor. Curabitur suscipit sollicitudin nisl, ut viverra urna volutpat fringilla. In hac habitasse platea dictumst. Phasellus sollicitudin, ante eu faucibus luctus, nunc libero mattis purus, ut posuere justo felis sit amet urna. Quisque tempus ligula turpis, eget consectetur lacus consectetur sit amet. Cras faucibus, dui cursus efficitur sollicitudin, justo magna mollis quam, ac porta felis neque a nulla. Sed lobortis augue turpis, vel interdum ante sollicitudio</p>
",cat-b.png,long
3,Cat C,"<p>Lorem ipsum dolor sit amet, consectetur adipiscing elit. Nam scelerisque neque odio, nec tristique ligula condimentum ut. Nullam ac ligula malesuada nisl viverra lobortis. Nam sit amet felis non diam sollicitudin auctor. Curabitur suscipit sollicitudin nisl, ut viverra urna volutpat fringilla. In hac habitasse platea dictumst. Phasellus sollicitudin, ante eu faucibus luctus, nunc libero mattis purus, ut posuere justo felis sit amet urna. Quisque tempus ligula turpis, eget consectetur lacus consectetur sit amet. Cras faucibus, dui cursus efficitur sollicitudin, justo magna mollis quam, ac porta felis neque a nulla. Sed lobortis augue turpis, vel interdum ante sollicitudio</p>
",cat-c.png,long
4,Cat D,"<p>Lorem ipsum dolor sit amet, consectetur adipiscing elit. Nam scelerisque neque odio, nec tristique ligula condimentum ut. Nullam ac ligula malesuada nisl viverra lobortis. Nam sit amet felis non diam sollicitudin auctor. Curabitur suscipit sollicitudin nisl, ut viverra urna volutpat fringilla. In hac habitasse platea dictumst. Phasellus sollicitudin, ante eu faucibus luctus, nunc libero mattis purus, ut posuere justo felis sit amet urna. Quisque tempus ligula turpis, eget consectetur lacus consectetur sit amet. Cras faucibus, dui cursus efficitur sollicitudin, justo magna mollis quam, ac porta felis neque a nulla. Sed lobortis augue turpis, vel interdum ante sollicitudio</p>
",cat-d.png,long
5,Cat E,"<p>Lorem ipsum dolor sit amet, consectetur adipiscing elit. Nam scelerisque neque odio, nec tristique ligula condimentum ut. Nullam ac ligula malesuada nisl viverra lobortis. Nam sit amet felis non diam sollicitudin auctor. Curabitur suscipit sollicitudin nisl, ut viverra urna volutpat fringilla. In hac habitasse platea dictumst. Phasellus sollicitudin, ante eu faucibus luctus, nunc libero mattis purus, ut posuere justo felis sit amet urna. Quisque tempus ligula turpis, eget consectetur lacus consectetur sit amet. Cras faucibus, dui cursus efficitur sollicitudin, justo magna mollis quam, ac porta felis neque a nulla. Sed lobortis augue turpis, vel interdum ante sollicitudio</p>
",cat-e.png,long